,Category,State/UT_Name,Air_Crash_Cases_,Air_Crash_Injured_Male,Air_Crash_Injured_Female,Air_Crash_Injured_Transgender,Air_Crash_Injured_Total,Air_Crash_Died_Male,Air_Crash_Died_Female,Air_Crash_Died_Transgender,Air_Crash_Died_Total,Ship_Accidents_Cases_,Ship_Accidents_Injured_Male,Ship_Accidents_Injured_Female,Ship_Accidents_Injured_Transgender,Ship_Accidents_Injured_Total,Ship_Accidents_Died_Male,Ship_Accidents_Died_Female,Ship_Accidents_Died_Transgender,Ship_Accidents_Died_Total,COS_Total_Cases_,COS_Total_Injured_Male,COS_Total_Injured_Female,COS_Total_Injured_Transgender,COS_Total_Injured_Total,COS_Total_Died_Male,COS_Total_Died_Female,COS_Total_Died_Transgender,COS_Total_Died_Total,COS_Residential_Cases_,COS_Residential_Injured_Male,COS_Residential_Injured_Female,COS_Residential_Injured_Transgender,COS_Residential_Injured_Total,COS_Residential_Died_Male,COS_Residential_Died_Female,COS_Residential_Died_Transgender,COS_Residential_Died_Total,COS_Commercial_Cases_,COS_Commercial_Injured_Male,COS_Commercial_Injured_Female,COS_Commercial_Injured_Transgender,COS_Commercial_Injured_Total,COS_Commercial_Died_Male,COS_Commercial_Died_Female,COS_Commercial_Died_Transgender,COS_Commercial_Died_Total,COS_Dam_Cases_,COS_Dam_Injured_Male,COS_Dam_Injured_Female,COS_Dam_Injured_Transgender,COS_Dam_Injured_Total,COS_Dam_Died_Male,COS_Dam_Died_Female,COS_Dam_Died_Transgender,COS_Dam_Died_Total,COS_Bridge_Cases_,COS_Bridge_Injured_Male,COS_Bridge_Injured_Female,COS_Bridge_Injured_Transgender,COS_Bridge_Injured_Total,COS_Bridge_Died_Male,COS_Bridge_Died_Female,COS_Bridge_Died_Transgender,COS_Bridge_Died_Total,COS_Others_Cases_,COS_Others_Injured_Male,COS_Others_Injured_Female,COS_Others_Injured_Transgender,COS_Others_Injured_Total,COS_Others_Died_Male,COS_Others_Died_Female,COS_Others_Died_Transgender,COS_Others_Died_Total,Drowning_Total_Cases_,Drowning_Total_Injured_Male,Drowning_Total_Injured_Female,Drowning_Total_Injured_Transgender,Drowning_Total_Injured_Total,Drowning_Total_Died_Male,Drowning_Total_Died_Female,Drowning_Total_Died_Transgender,Drowning_Total_Died_Total,Drowning_Boat_Capsize_Cases_,Drowning_Boat_Capsize_Injured_Male,Drowning_Boat_Capsize_Injured_Female,Drowning_Boat_Capsize_Injured_Transgender,Drowning_Boat_Capsize_Injured_Total,Drowning_Boat_Capsize_Died_Male,Drowning_Boat_Capsize_Died_Female,Drowning_Boat_Capsize_Died_Transgender,Drowning_Boat_Capsize_Died_Total,Drowing_from_falling_Cases_,Drowing_from_falling_Injured_Male,Drowing_from_falling_Injured_Female,Drowing_from_falling_Injured_Transgender,Drowing_from_falling_Injured_Total,Drowing_from_falling_Died_Male,Drowing_from_falling_Died_Female,Drowing_from_falling_Died_Transgender,Drowing_from_falling_Died_Total,Drowning_Other_Cases_Cases_,Drowning_Other_Cases_Injured_Male,Drowning_Other_Cases_Injured_Female,Drowning_Other_Cases_Injured_Transgender,Drowning_Other_Cases_Injured_Total,Drowning_Other_Cases_Died_Male,Drowning_Other_Cases_Died_Female,Drowning_Other_Cases_Died_Transgender,Drowning_Other_Cases_Died_Total,Electrocution_Cases_,Electrocution_Injured_Male,Electrocution_Injured_Female,Electrocution_Injured_Transgender,Electrocution_Injured_Total,Electrocution_Died_Male,Electrocution_Died_Female,Electrocution_Died_Transgender,Electrocution_Died_Total,Total_Cases_,Total_Injured_Male,Total_Injured_Female,Total_Injured_Transgender,Total_Injured_Total,Total_Died_Male,Total_Died_Female,Total_Died_Transgender,Total_Died_Total,Domestic_Gas_Cylinder_Cases_,Domestic_Gas_Cylinder_Injured_Male,Domestic_Gas_Cylinder_Injured_Female,Domestic_Gas_Cylinder_Injured_Transgender,Domestic_Gas_Cylinder_Injured_Total,Domestic_Gas_Cylinder_Died_Male,Domestic_Gas_Cylinder_Died_Female,Domestic_Gas_Cylinder_Died_Transgender,Domestic_Gas_Cylinder_Died_Total,Industrial_Boiler/Gas_Cylinder_Explosion_Cases_,Industrial_Boiler/Gas_Cylinder_Explosion_Injured_Male,Industrial_Boiler/Gas_Cylinder_Explosion_Injured_Female,Industrial_Boiler/Gas_Cylinder_Explosion_Injured_Transgender,Industrial_Boiler/Gas_Cylinder_Explosion_Injured_Total,Industrial_Boiler/Gas_Cylinder_Explosion_Died_Male,Industrial_Boiler/Gas_Cylinder_Explosion_Died_Female,Industrial_Boiler/Gas_Cylinder_Explosion_Died_Transgender,Industrial_Boiler/Gas_Cylinder_Explosion_Died_Total,Ammunition_Explosion_in_Law_agencies_Cases_,Ammunition_Explosion_in_Law_agencies_Injured_Male,Ammunition_Explosion_in_Law_agencies_Injured_Female,Ammunition_Explosion_in_Law_agencies_Injured_Transgender,Ammunition_Explosion_in_Law_agencies_Injured_Total,Ammunition_Explosion_in_Law_agencies_Died_Male,Ammunition_Explosion_in_Law_agencies_Died_Female,Ammunition_Explosion_in_Law_agencies_Died_Transgender,Ammunition_Explosion_in_Law_agencies_Died_Total,Other_Cases_,Other_Injured_Male,Other_Injured_Female,Other_Injured_Transgender,Other_Injured_Total,Other_Died_Male,Other_Died_Female,Other_Died_Transgender,Other_Died_Total,Falls_Total_Cases_,Falls_Total_Injured_Male,Falls_Total_Injured_Female,Falls_Total_Injured_Transgender,Falls_Total_Injured_Total,Falls_Total_Died_Male,Falls_Total_Died_Female,Falls_Total_Died_Transgender,Falls_Total_Died_Total,Falls_from_Height_Cases_,Falls_from_Height_Injured_Male,Falls_from_Height_Injured_Female,Falls_from_Height_Injured_Transgender,Falls_from_Height_Injured_Total,Falls_from_Height_Died_Male,Falls_from_Height_Died_Female,Falls_from_Height_Died_Transgender,Falls_from_Height_Died_Total,Falls_from_Bus/Trucks_Cases_,Falls_from_Bus/Trucks_Injured_Male,Falls_from_Bus/Trucks_Injured_Female,Falls_from_Bus/Trucks_Injured_Transgender,Falls_from_Bus/Trucks_Injured_Total,Falls_from_Bus/Trucks_Died_Male,Falls_from_Bus/Trucks_Died_Female,Falls_from_Bus/Trucks_Died_Transgender,Falls_from_Bus/Trucks_Died_Total,Falls_into_Manhole_Cases_,Falls_into_Manhole_Injured_Male,Falls_into_Manhole_Injured_Female,Falls_into_Manhole_Injured_Transgender,Falls_into_Manhole_Injured_Total,Falls_into_Manhole_Died_Male,Falls_into_Manhole_Died_Female,Falls_into_Manhole_Died_Transgender,Falls_into_Manhole_Died_Total,Falls_into_Pit_Cases_,Falls_into_Pit_Injured_Male,Falls_into_Pit_Injured_Female,Falls_into_Pit_Injured_Transgender,Falls_into_Pit_Injured_Total,Falls_into_Pit_Died_Male,Falls_into_Pit_Died_Female,Falls_into_Pit_Died_Transgender,Falls_into_Pit_Died_Total,Falls_into_Bore_well_Cases_,Falls_into_Bore_well_Injured_Male,Falls_into_Bore_well_Injured_Female,Falls_into_Bore_well_Injured_Transgender,Falls_into_Bore_well_Injured_Total,Falls_into_Bore_well_Died_Male,Falls_into_Bore_well_Died_Female,Falls_into_Bore_well_Died_Transgender,Falls_into_Bore_well_Died_Total,Falls_Others_Cases_,Falls_Others_Injured_Male,Falls_Others_Injured_Female,Falls_Others_Injured_Transgender,Falls_Others_Injured_Total,Falls_Others_Died_Male,Falls_Others_Died_Female,Falls_Others_Died_Transgender,Falls_Others_Died_Total,Factory/Machine_Accidents_Cases_,Factory/Machine_Accidents_Injured_Male,Factory/Machine_Accidents_Injured_Female,Factory/Machine_Accidents_Injured_Transgender,Factory/Machine_Accidents_Injured_Total,Factory/Machine_Accidents_Died_Male,Factory/Machine_Accidents_Died_Female,Factory/Machine_Accidents_Died_Transgender,Factory/Machine_Accidents_Died_Total,Accidental_Fire_Total_Cases_,Accidental_Fire_Total_Injured_Male,Accidental_Fire_Total_Injured_Female,Accidental_Fire_Total_Injured_Transgender,Accidental_Fire_Total_Injured_Total,Accidental_Fire_Total_Died_Male,Accidental_Fire_Total_Died_Female,Accidental_Fire_Total_Died_Transgender,Accidental_Fire_Total_Died_Total,Short_Circuit_Fire_Cases_,Short_Circuit_Fire_Injured_Male,Short_Circuit_Fire_Injured_Female,Short_Circuit_Fire_Injured_Transgender,Short_Circuit_Fire_Injured_Total,Short_Circuit_Fire_Died_Male,Short_Circuit_Fire_Died_Female,Short_Circuit_Fire_Died_Transgender,Short_Circuit_Fire_Died_Total,Accidental_Fire_Riot/Agitation_Cases_,Accidental_Fire_Riot/Agitation_Injured_Male,Accidental_Fire_Riot/Agitation_Injured_Female,Accidental_Fire_Riot/Agitation_Injured_Transgender,Accidental_Fire_Riot/Agitation_Injured_Total,Accidental_Fire_Riot/Agitation_Died_Male,Accidental_Fire_Riot/Agitation_Died_Female,Accidental_Fire_Riot/Agitation_Died_Transgender,Accidental_Fire_Riot/Agitation_Died_Total,Accidental_Fire_Fireworks_Cases_,Accidental_Fire_Fireworks_Injured_Male,Accidental_Fire_Fireworks_Injured_Female,Accidental_Fire_Fireworks_Injured_Transgender,Accidental_Fire_Fireworks_Injured_Total,Accidental_Fire_Fireworks_Died_Male,Accidental_Fire_Fireworks_Died_Female,Accidental_Fire_Fireworks_Died_Transgender,Accidental_Fire_Fireworks_Died_Total,Cooking_Gas_Cylinder/Stove_Burst_Cases_,Cooking_Gas_Cylinder/Stove_Burst_Injured_Male,Cooking_Gas_Cylinder/Stove_Burst_Injured_Female,Cooking_Gas_Cylinder/Stove_Burst_Injured_Transgender,Cooking_Gas_Cylinder/Stove_Burst_Injured_Total,Cooking_Gas_Cylinder/Stove_Burst_Died_Male,Cooking_Gas_Cylinder/Stove_Burst_Died_Female,Cooking_Gas_Cylinder/Stove_Burst_Died_Transgender,Cooking_Gas_Cylinder/Stove_Burst_Died_Total,Accidental_Fire_Other_Causes_Cases_,Accidental_Fire_Other_Causes_Injured_Male,Accidental_Fire_Other_Causes_Injured_Female,Accidental_Fire_Other_Causes_Injured_Transgender,Accidental_Fire_Other_Causes_Injured_Total,Accidental_Fire_Other_Causes_Died_Male,Accidental_Fire_Other_Causes_Died_Female,Accidental_Fire_Other_Causes_Died_Transgender,Accidental_Fire_Other_Causes_Died_Total,Firearm_Cases_,Firearm_Injured_Male,Firearm_Injured_Female,Firearm_Injured_Transgender,Firearm_Injured_Total,Firearm_Died_Male,Firearm_Died_Female,Firearm_Died_Transgender,Firearm_Died_Total,Mines_or_Quarry_Disaster_Cases_,Mines_or_Quarry_Disaster_Injured_Male,Mines_or_Quarry_Disaster_Injured_Female,Mines_or_Quarry_Disaster_Injured_Transgender,Mines_or_Quarry_Disaster_Injured_Total,Mines_or_Quarry_Disaster_Died_Male,Mines_or_Quarry_Disaster_Died_Female,Mines_or_Quarry_Disaster_Died_Transgender,Mines_or_Quarry_Disaster_Died_Total,Traffic_Accidents_Total_Cases_,Traffic_Accidents_Total_Injured_Male,Traffic_Accidents_Total_Injured_Female,Traffic_Accidents_Total_Injured_Transgender,Traffic_Accidents_Total_Injured_Total,Traffic_Accidents_Total_Died_Male,Traffic_Accidents_Total_Died_Female,Traffic_Accidents_Total_Died_Transgender,Traffic_Accidents_Total_Died_Total,Road_Accidents_Cases_,Road_Accidents_Injured_Male,Road_Accidents_Injured_Female,Road_Accidents_Injured_Transgender,Road_Accidents_Injured_Total,Road_Accidents_Died_Male,Road_Accidents_Died_Female,Road_Accidents_Died_Transgender,Road_Accidents_Died_Total,Railway_Crossing_Accidents_Cases_,Railway_Crossing_Accidents_Injured_Male,Railway_Crossing_Accidents_Injured_Female,Railway_Crossing_Accidents_Injured_Transgender,Railway_Crossing_Accidents_Injured_Total,Railway_Crossing_Accidents_Died_Male,Railway_Crossing_Accidents_Died_Female,Railway_Crossing_Accidents_Died_Transgender,Railway_Crossing_Accidents_Died_Total,Railway_Accidents_Cases_,Railway_Accidents_Injured_Male,Railway_Accidents_Injured_Female,Railway_Accidents_Injured_Transgender,Railway_Accidents_Injured_Total,Railway_Accidents_Died_Male,Railway_Accidents_Died_Female,Railway_Accidents_Died_Transgender,Railway_Accidents_Died_Total,Stampede_Cases_,Stampede_Injured_Male,Stampede_Injured_Female,Stampede_Injured_Transgender,Stampede_Injured_Total,Stampede_Died_Male,Stampede_Died_Female,Stampede_Died_Transgender,Stampede_Died_Total,Other_Causes_Cases_,Other_Causes_Injured_Male,Other_Causes_Injured_Female,Other_Causes_Injured_Transgender,Other_Causes_Injured_Total,Other_Causes_Died_Male,Other_Causes_Died_Female,Other_Causes_Died_Transgender,Other_Causes_Died_Total,Causes_Not_Known_Cases_,Causes_Not_Known_Injured_Male,Causes_Not_Known_Injured_Female,Causes_Not_Known_Injured_Transgender,Causes_Not_Known_Injured_Total,Causes_Not_Known_Died_Male,Causes_Not_Known_Died_Female,Causes_Not_Known_Died_Transgender,Causes_Not_Known_Died_Total,Total_Unnatural_Accidents_Cases_,Total_Unnatural_Accidents_Injured_Male,Total_Unnatural_Accidents_Injured_Female,Total_Unnatural_Accidents_Injured_Transgender,Total_Unnatural_Accidents_Injured_Total,Total_Unnatural_Accidents_Died_Male,Total_Unnatural_Accidents_Died_Female,Total_Unnatural_Accidents_Died_Transgender,Total_Unnatural_Accidents_Died_Total
0,State,AP,0,0,0,0,0,0,0,0,0,0,0,0,0,0,0,0,0,0,44,0,0,0,0,40,8,0,48,24,0,0,0,0,23,4,0,27,1,0,0,0,0,1,0,0,1,0,0,0,0,0,0,0,0,0,0,0,0,0,0,0,0,0,0,19,0,0,0,0,16,4,0,20,1152,1,0,0,1,1014,229,0,1243,3,0,0,0,0,3,1,0,4,466,0,0,0,0,410,77,0,487,683,1,0,0,1,601,151,0,752,621,6,2,0,8,553,84,0,637,57,14,1,0,15,25,36,0,61,11,11,1,0,12,6,9,0,15,1,0,0,0,0,1,0,0,1,1,0,0,0,0,1,0,0,1,44,3,0,0,3,17,27,0,44,740,7,1,0,8,596,144,0,740,455,1,0,0,1,374,81,0,455,78,2,0,0,2,58,20,0,78,8,0,0,0,0,6,2,0,8,18,0,0,0,0,14,4,0,18,0,0,0,0,0,0,0,0,0,181,4,1,0,5,144,37,0,181,9,0,0,0,0,6,3,0,9,690,5,10,0,15,272,428,0,700,129,3,0,0,3,117,20,0,137,0,0,0,0,0,0,0,0,0,2,1,4,0,5,1,1,0,2,162,0,3,0,3,26,136,0,162,397,1,3,0,4,128,271,0,399,0,0,0,0,0,0,0,0,0,1,2,0,0,2,2,0,0,2,24236,24403,5036,0,29439,8260,1438,0,9698,22839,24403,5036,0,29439,7009,1288,0,8297,268,0,0,0,0,241,27,0,268,1129,0,0,0,0,1010,123,0,1133,2,20,31,0,51,6,24,0,30,1182,0,0,0,0,959,267,0,1226,904,0,0,0,0,747,179,0,926,29638,24458,5081,0,29539,12480,2840,0,15320
1,State,AR,1,0,0,0,0,3,0,0,3,0,0,0,0,0,0,0,0,0,0,0,0,0,0,0,0,0,0,0,0,0,0,0,0,0,0,0,0,0,0,0,0,0,0,0,0,0,0,0,0,0,0,0,0,0,0,0,0,0,0,0,0,0,0,0,0,0,0,0,0,0,0,0,28,3,0,0,3,24,4,0,28,0,0,0,0,0,0,0,0,0,3,0,0,0,0,2,1,0,3,25,3,0,0,3,22,3,0,25,2,0,0,0,0,2,0,0,2,1,0,0,0,0,1,0,0,1,0,0,0,0,0,0,0,0,0,1,0,0,0,0,1,0,0,1,0,0,0,0,0,0,0,0,0,0,0,0,0,0,0,0,0,0,21,2,0,0,2,19,1,0,20,17,2,0,0,2,15,1,0,16,2,0,0,0,0,2,0,0,2,0,0,0,0,0,0,0,0,0,0,0,0,0,0,0,0,0,0,0,0,0,0,0,0,0,0,0,2,0,0,0,0,2,0,0,2,1,0,0,0,0,1,0,0,1,8,0,0,0,0,6,2,0,8,3,0,0,0,0,3,0,0,3,0,0,0,0,0,0,0,0,0,0,0,0,0,0,0,0,0,0,0,0,0,0,0,0,0,0,0,5,0,0,0,0,3,2,0,5,0,0,0,0,0,0,0,0,0,0,0,0,0,0,0,0,0,0,285,334,49,0,383,154,24,0,178,284,334,49,0,383,153,24,0,177,0,0,0,0,0,0,0,0,0,1,0,0,0,0,1,0,0,1,0,0,0,0,0,0,0,0,0,52,3,0,0,3,48,8,0,56,22,0,0,0,0,22,0,0,22,421,342,49,0,391,280,39,0,319
2,State,AS,0,0,0,0,0,0,0,0,0,0,0,0,0,0,0,0,0,0,9,24,0,0,24,25,0,0,25,0,0,0,0,0,0,0,0,0,0,0,0,0,0,0,0,0,0,0,0,0,0,0,0,0,0,0,1,0,0,0,0,1,0,0,1,8,24,0,0,24,24,0,0,24,593,46,4,0,50,478,135,0,613,139,2,0,0,2,98,34,0,132,292,44,4,0,48,257,64,0,321,162,0,0,0,0,123,37,0,160,35,0,0,0,0,32,3,0,35,1,0,0,0,0,1,0,0,1,0,0,0,0,0,0,0,0,0,0,0,0,0,0,0,0,0,0,0,0,0,0,0,0,0,0,0,1,0,0,0,0,1,0,0,1,17,0,0,0,0,17,0,0,17,15,0,0,0,0,15,0,0,15,0,0,0,0,0,0,0,0,0,0,0,0,0,0,0,0,0,0,0,0,0,0,0,0,0,0,0,0,0,0,0,0,0,0,0,0,2,0,0,0,0,2,0,0,2,17,0,0,0,0,17,0,0,17,94,2,0,0,2,64,27,0,91,67,2,0,0,2,53,11,0,64,0,0,0,0,0,0,0,0,0,0,0,0,0,0,0,0,0,0,1,0,0,0,0,0,1,0,1,26,0,0,0,0,11,15,0,26,6,0,0,0,0,5,1,0,6,0,0,0,0,0,0,0,0,0,7633,5935,1133,0,7068,2720,338,0,3058,6959,5935,1133,0,7068,2109,275,0,2384,10,0,0,0,0,8,2,0,10,664,0,0,0,0,603,61,0,664,0,0,0,0,0,0,0,0,0,49,0,0,0,0,15,2,0,17,100,0,0,0,0,25,5,0,30,8554,6007,1137,0,7144,3399,511,0,3910
3,State,BR,0,0,0,0,0,0,0,0,0,0,0,0,0,0,0,0,0,0,86,14,18,0,32,54,21,0,75,80,14,18,0,32,48,20,0,68,0,0,0,0,0,0,0,0,0,2,0,0,0,0,2,0,0,2,0,0,0,0,0,0,0,0,0,4,0,0,0,0,4,1,0,5,379,15,3,0,18,316,96,0,412,5,0,0,0,0,1,15,0,16,221,5,3,0,8,159,53,0,212,153,10,0,0,10,156,28,0,184,187,9,5,0,14,151,23,0,174,39,6,2,0,8,7,26,0,33,35,6,2,0,8,4,25,0,29,1,0,0,0,0,0,1,0,1,2,0,0,0,0,2,0,0,2,1,0,0,0,0,1,0,0,1,196,28,13,0,41,142,35,0,177,85,6,2,0,8,66,18,0,84,71,19,9,0,28,45,8,0,53,1,0,0,0,0,1,0,0,1,2,0,0,0,0,1,1,0,2,1,0,0,0,0,0,1,0,1,36,3,2,0,5,29,7,0,36,4,0,0,0,0,2,2,0,4,259,18,16,0,34,92,166,0,258,33,5,0,0,5,28,1,0,29,0,0,0,0,0,0,0,0,0,1,0,0,0,0,1,0,0,1,76,4,13,0,17,10,64,0,74,149,9,3,0,12,53,101,0,154,4,0,0,0,0,4,0,0,4,0,0,0,0,0,0,0,0,0,11471,5159,1176,0,6335,6099,1308,0,7407,9567,5154,1171,0,6325,4588,912,0,5500,15,5,5,0,10,9,7,0,16,1889,0,0,0,0,1502,389,0,1891,1,0,0,0,0,1,0,0,1,708,0,0,0,0,611,132,0,743,182,2,3,0,5,144,38,0,182,13516,5251,1236,0,6487,7623,1847,0,9470
4,State,CT,0,0,0,0,0,0,0,0,0,0,0,0,0,0,0,0,0,0,62,1,2,0,3,36,26,0,62,40,1,2,0,3,21,19,0,40,0,0,0,0,0,0,0,0,0,0,0,0,0,0,0,0,0,0,0,0,0,0,0,0,0,0,0,22,0,0,0,0,15,7,0,22,1644,0,0,0,0,1153,493,0,1646,11,0,0,0,0,11,0,0,11,457,0,0,0,0,314,143,0,457,1176,0,0,0,0,828,350,0,1178,484,0,0,0,0,407,77,0,484,26,1,0,0,1,18,8,0,26,3,0,0,0,0,3,0,0,3,3,0,0,0,0,3,0,0,3,7,1,0,0,1,7,0,0,7,13,0,0,0,0,5,8,0,13,505,6,5,0,11,400,99,0,499,237,2,1,0,3,190,44,0,234,21,0,0,0,0,17,4,0,21,4,0,0,0,0,3,1,0,4,7,0,0,0,0,7,0,0,7,0,0,0,0,0,0,0,0,0,236,4,4,0,8,183,50,0,233,45,1,0,0,1,43,2,0,45,1139,4,5,0,9,344,795,0,1139,49,3,1,0,4,38,11,0,49,0,0,0,0,0,0,0,0,0,0,0,0,0,0,0,0,0,0,8,0,0,0,0,2,6,0,8,1082,1,4,0,5,304,778,0,1082,83,0,0,0,0,72,4,0,76,3,0,0,0,0,2,1,0,3,14977,11544,1882,0,13426,4001,610,2,4613,14446,11544,1882,0,13426,3556,524,2,4082,10,0,0,0,0,9,1,0,10,521,0,0,0,0,436,85,0,521,0,0,0,0,0,0,0,0,0,4590,0,0,0,0,3433,1165,0,4598,1142,0,0,0,0,888,253,1,1142,24700,11557,1894,0,13451,10797,3533,3,14333
5,State,GA,1,0,0,0,0,1,1,0,2,0,0,0,0,0,0,0,0,0,4,0,0,0,0,3,1,0,4,0,0,0,0,0,0,0,0,0,0,0,0,0,0,0,0,0,0,0,0,0,0,0,0,0,0,0,0,0,0,0,0,0,0,0,0,4,0,0,0,0,3,1,0,4,153,0,0,0,0,144,11,0,155,0,0,0,0,0,0,0,0,0,65,0,0,0,0,57,8,0,65,88,0,0,0,0,87,3,0,90,14,0,0,0,0,14,0,0,14,1,0,0,0,0,1,0,0,1,0,0,0,0,0,0,0,0,0,0,0,0,0,0,0,0,0,0,0,0,0,0,0,0,0,0,0,1,0,0,0,0,1,0,0,1,109,1,0,0,1,95,15,0,110,66,1,0,0,1,62,4,0,66,5,0,0,0,0,4,1,0,5,0,0,0,0,0,0,0,0,0,3,0,0,0,0,2,1,0,3,0,0,0,0,0,0,0,0,0,35,0,0,0,0,27,9,0,36,4,0,0,0,0,2,2,0,4,91,1,0,0,1,9,20,0,29,10,0,0,0,0,1,0,0,1,0,0,0,0,0,0,0,0,0,0,0,0,0,0,0,0,0,0,11,0,0,0,0,1,10,0,11,70,1,0,0,1,7,10,0,17,0,0,0,0,0,0,0,0,0,0,0,0,0,0,0,0,0,0,4385,1829,425,0,2254,316,45,0,361,4338,1829,425,0,2254,271,43,0,314,11,0,0,0,0,11,0,0,11,36,0,0,0,0,34,2,0,36,0,0,0,0,0,0,0,0,0,55,0,1,0,1,44,15,0,59,7,0,0,0,0,7,0,0,7,4824,1831,426,0,2257,636,110,0,746
6,State,GJ,0,0,0,0,0,0,0,0,0,0,0,0,0,0,0,0,0,0,164,4,5,0,9,133,40,0,173,119,4,5,0,9,95,32,0,127,4,0,0,0,0,4,0,0,4,0,0,0,0,0,0,0,0,0,1,0,0,0,0,1,0,0,1,40,0,0,0,0,33,8,0,41,1841,4,0,0,4,1575,348,0,1923,3,0,0,0,0,3,1,0,4,1026,4,0,0,4,844,207,0,1051,812,0,0,0,0,728,140,0,868,757,4,0,0,4,575,184,0,759,54,0,0,0,0,39,27,0,66,20,0,0,0,0,15,9,0,24,5,0,0,0,0,11,0,0,11,0,0,0,0,0,0,0,0,0,29,0,0,0,0,13,18,0,31,2297,6,1,0,7,1920,389,0,2309,994,3,1,0,4,846,160,0,1006,336,3,0,0,3,275,59,0,334,36,0,0,0,0,36,1,0,37,90,0,0,0,0,74,16,0,90,9,0,0,0,0,8,1,0,9,832,0,0,0,0,681,152,0,833,102,11,0,0,11,82,15,0,97,2009,11,14,0,25,662,1348,0,2010,254,6,3,0,9,202,49,0,251,0,0,0,0,0,0,0,0,0,2,0,0,0,0,2,0,0,2,901,0,5,0,5,183,720,0,903,852,5,6,0,11,275,579,0,854,3,0,0,0,0,3,0,0,3,3,0,0,0,0,3,0,0,3,24558,17197,4307,3,21507,8081,1365,2,9448,23362,17196,4306,3,21505,7025,1220,0,8245,112,1,1,0,2,99,12,0,111,1084,0,0,0,0,957,133,2,1092,2,0,0,0,0,2,0,0,2,4199,0,0,0,0,3399,810,0,4209,1146,0,0,0,0,880,245,0,1125,37135,17237,4327,3,21567,17354,4771,2,22127
7,State,HR,0,0,0,0,0,0,0,0,0,0,0,0,0,0,0,0,0,0,66,0,0,0,0,49,17,0,66,16,0,0,0,0,13,3,0,16,2,0,0,0,0,1,1,0,2,0,0,0,0,0,0,0,0,0,1,0,0,0,0,1,0,0,1,47,0,0,0,0,34,13,0,47,606,0,0,0,0,544,72,0,616,0,0,0,0,0,0,0,0,0,135,0,0,0,0,124,16,0,140,471,0,0,0,0,420,56,0,476,299,0,0,0,0,274,28,0,302,36,0,0,0,0,25,10,0,35,8,0,0,0,0,4,3,0,7,2,0,0,0,0,2,0,0,2,0,0,0,0,0,0,0,0,0,26,0,0,0,0,19,7,0,26,343,0,0,0,0,301,42,0,343,151,0,0,0,0,127,24,0,151,98,0,0,0,0,86,12,0,98,4,0,0,0,0,4,0,0,4,7,0,0,0,0,7,0,0,7,4,0,0,0,0,4,0,0,4,79,0,0,0,0,73,6,0,79,23,0,0,0,0,21,2,0,23,339,2,0,0,2,235,101,0,336,116,2,0,0,2,103,11,0,114,0,0,0,0,0,0,0,0,0,0,0,0,0,0,0,0,0,0,62,0,0,0,0,17,45,0,62,161,0,0,0,0,115,45,0,160,4,1,0,0,1,3,0,0,3,2,0,0,0,0,2,0,0,2,12578,9492,1135,0,10627,5656,676,0,6332,11287,9484,1135,0,10619,4522,523,0,5045,1290,4,0,0,4,1133,153,0,1286,1,4,0,0,4,1,0,0,1,0,0,0,0,0,0,0,0,0,2229,0,0,0,0,1856,373,0,2229,121,0,0,0,0,110,11,0,121,16646,9495,1135,0,10630,9076,1332,0,10408
8,State,HP,0,0,0,0,0,0,0,0,0,0,0,0,0,0,0,0,0,0,6,0,0,0,0,4,1,0,5,2,0,0,0,0,0,0,0,0,2,0,0,0,0,2,1,0,3,0,0,0,0,0,0,0,0,0,0,0,0,0,0,0,0,0,0,2,0,0,0,0,2,0,0,2,185,3,2,0,5,145,40,0,185,0,0,0,0,0,0,0,0,0,44,0,0,0,0,33,11,0,44,141,3,2,0,5,112,29,0,141,25,0,0,0,0,21,4,0,25,2,2,0,0,2,1,0,0,1,1,0,0,0,0,1,0,0,1,0,0,0,0,0,0,0,0,0,0,0,0,0,0,0,0,0,0,1,2,0,0,2,0,0,0,0,464,10,5,0,15,408,56,0,464,397,0,0,0,0,353,44,0,397,7,1,1,0,2,3,4,0,7,0,0,0,0,0,0,0,0,0,1,0,0,0,0,1,0,0,1,0,0,0,0,0,0,0,0,0,59,9,4,0,13,51,8,0,59,13,6,0,0,6,8,0,0,8,67,6,1,0,7,33,33,0,66,10,1,0,0,1,8,1,0,9,0,0,0,0,0,0,0,0,0,0,0,0,0,0,0,0,0,0,14,1,0,0,1,6,8,0,14,43,4,1,0,5,19,24,0,43,0,0,0,0,0,0,0,0,0,1,0,0,0,0,1,0,0,1,3010,4039,1069,0,5108,968,128,0,1096,3010,4039,1069,0,5108,968,128,0,1096,0,0,0,0,0,0,0,0,0,0,0,0,0,0,0,0,0,0,0,0,0,0,0,0,0,0,0,591,26,14,0,40,460,131,0,591,8,0,0,0,0,4,3,0,7,4372,4092,1091,0,5183,2053,396,0,2449
9,State,JK,1,0,0,0,0,3,4,0,7,0,0,0,0,0,0,0,0,0,9,11,0,0,11,10,1,0,11,3,11,0,0,11,4,0,0,4,0,0,0,0,0,0,0,0,0,0,0,0,0,0,0,0,0,0,0,0,0,0,0,0,0,0,0,6,0,0,0,0,6,1,0,7,43,0,0,0,0,32,7,0,39,0,0,0,0,0,0,0,0,0,10,0,0,0,0,8,2,0,10,33,0,0,0,0,24,5,0,29,12,6,3,0,9,10,0,0,10,11,5,2,0,7,10,3,0,13,0,0,0,0,0,0,0,0,0,1,2,2,0,4,0,3,0,3,0,0,0,0,0,0,0,0,0,10,3,0,0,3,10,0,0,10,48,0,0,0,0,41,7,0,48,19,0,0,0,0,16,3,0,19,1,0,0,0,0,1,0,0,1,0,0,0,0,0,0,0,0,0,0,0,0,0,0,0,0,0,0,2,0,0,0,0,2,0,0,2,26,0,0,0,0,22,4,0,26,0,0,0,0,0,0,0,0,0,52,0,0,0,0,19,8,0,27,37,0,0,0,0,17,4,0,21,0,0,0,0,0,0,0,0,0,0,0,0,0,0,0,0,0,0,3,0,0,0,0,1,1,0,2,12,0,0,0,0,1,3,0,4,4,0,0,0,0,4,0,0,4,0,0,0,0,0,0,0,0,0,5908,6600,1648,0,8248,824,160,0,984,5847,6600,1648,0,8248,771,152,0,923,0,0,0,0,0,0,0,0,0,61,0,0,0,0,53,8,0,61,0,0,0,0,0,0,0,0,0,42,5,0,0,5,36,6,0,42,93,0,0,0,0,83,16,0,99,6223,6627,1653,0,8280,1072,212,0,1284
10,State,JR,0,0,0,0,0,0,0,0,0,0,0,0,0,0,0,0,0,0,115,0,0,0,0,67,48,0,115,107,0,0,0,0,59,48,0,107,0,0,0,0,0,0,0,0,0,0,0,0,0,0,0,0,0,0,1,0,0,0,0,1,0,0,1,7,0,0,0,0,7,0,0,7,295,3,0,0,3,244,69,0,313,0,0,0,0,0,0,0,0,0,231,3,0,0,3,186,59,0,245,64,0,0,0,0,58,10,0,68,81,2,0,0,2,67,15,0,82,35,0,0,0,0,38,37,0,75,27,0,0,0,0,33,34,0,67,0,0,0,0,0,0,0,0,0,0,0,0,0,0,0,0,0,0,8,0,0,0,0,5,3,0,8,259,21,0,0,21,192,46,0,238,94,0,0,0,0,79,16,0,95,48,20,0,0,20,28,0,0,28,0,0,0,0,0,0,0,0,0,42,1,0,0,1,24,16,0,40,7,0,0,0,0,5,2,0,7,68,0,0,0,0,56,12,0,68,22,20,0,0,20,2,0,0,2,318,10,0,0,10,128,194,0,322,18,0,0,0,0,15,4,0,19,0,0,0,0,0,0,0,0,0,17,0,0,0,0,8,18,0,26,68,0,0,0,0,27,41,0,68,215,10,0,0,10,78,131,0,209,0,0,0,0,0,0,0,0,0,3,0,0,0,0,2,1,0,3,5399,3415,623,0,4038,2763,368,0,3131,5162,3415,623,0,4038,2564,329,0,2893,10,0,0,0,0,8,2,0,10,227,0,0,0,0,191,37,0,228,372,3,1,0,4,317,69,0,386,107,0,0,0,0,95,12,0,107,62,0,0,0,0,38,7,0,45,7068,3474,624,0,4098,3953,866,0,4819
11,State,KA,0,0,0,0,0,0,0,0,0,0,0,0,0,0,0,0,0,0,33,4,1,0,5,24,19,0,43,20,4,1,0,5,13,16,0,29,0,0,0,0,0,0,0,0,0,0,0,0,0,0,0,0,0,0,0,0,0,0,0,0,0,0,0,13,0,0,0,0,11,3,0,14,2055,4,0,0,4,1561,593,0,2154,8,0,0,0,0,8,0,0,8,1199,0,0,0,0,897,354,0,1251,848,4,0,0,4,656,239,0,895,434,1,0,0,1,366,68,0,434,32,1,0,0,1,10,21,0,31,21,0,0,0,0,3,18,0,21,1,0,0,0,0,0,1,0,1,0,0,0,0,0,0,0,0,0,10,1,0,0,1,7,2,0,9,507,4,0,1,5,455,54,0,509,383,3,0,1,4,348,38,0,386,19,0,0,0,0,16,3,0,19,0,0,0,0,0,0,0,0,0,7,0,0,0,0,6,1,0,7,0,0,0,0,0,0,0,0,0,98,1,0,0,1,85,12,0,97,5,0,0,0,0,4,1,0,5,1289,8,10,0,18,463,781,0,1244,116,2,0,0,2,110,8,0,118,0,0,0,0,0,0,0,0,0,1,0,0,0,0,0,1,0,1,329,1,5,0,6,75,263,0,338,843,5,5,0,10,278,509,0,787,2,0,0,0,0,1,1,0,2,0,0,0,0,0,0,0,0,0,44908,45424,11547,0,56971,10066,1687,1,11754,44011,45424,11547,0,56971,9287,1569,1,10857,6,0,0,0,0,6,0,0,6,891,0,0,0,0,773,118,0,891,0,0,0,0,0,0,0,0,0,3365,11,3,0,14,2521,850,0,3371,529,1,1,0,2,405,113,0,518,53159,45458,11562,1,57021,15876,4188,1,20065
12,State,KL,0,0,0,0,0,0,0,0,0,0,0,0,0,0,0,0,0,0,73,8,3,0,11,63,14,0,77,44,5,1,0,6,34,11,0,45,7,1,0,0,1,8,0,0,8,0,0,0,0,0,0,0,0,0,1,0,0,0,0,1,0,0,1,21,2,2,0,4,20,3,0,23,1334,41,24,0,65,1118,262,0,1380,30,17,19,0,36,36,6,0,42,1222,23,4,0,27,1010,243,0,1253,82,1,1,0,2,72,13,0,85,217,3,9,0,12,183,34,0,217,9,3,1,0,4,5,4,0,9,1,0,0,0,0,0,1,0,1,2,2,0,0,2,2,0,0,2,0,0,0,0,0,0,0,0,0,6,1,1,0,2,3,3,0,6,712,24,4,0,28,661,50,0,711,562,24,0,0,24,537,25,0,562,22,0,4,0,4,16,3,0,19,6,0,0,0,0,7,1,0,8,16,0,0,0,0,14,2,0,16,3,0,0,0,0,2,1,0,3,103,0,0,0,0,85,18,0,103,16,0,0,0,0,16,0,0,16,261,8,3,0,11,84,173,0,257,31,2,0,0,2,29,2,0,31,0,0,0,0,0,0,0,0,0,4,4,2,0,6,4,0,0,4,25,0,0,0,0,4,21,0,25,201,2,1,0,3,47,150,0,197,1,0,0,0,0,1,0,0,1,0,0,0,0,0,0,0,0,0,39343,33044,10425,0,43469,3749,779,0,4528,39014,33043,10425,0,43468,3463,733,0,4196,30,0,0,0,0,23,7,0,30,299,1,0,0,1,263,39,0,302,0,0,0,0,0,0,0,0,0,1400,128,0,0,128,1058,256,0,1314,122,0,0,0,0,109,16,0,125,43488,33259,10469,0,43728,7047,1588,0,8635
13,State,MP,1,0,0,0,0,1,0,0,1,0,0,0,0,0,0,0,0,0,218,9,2,0,11,162,55,0,217,108,9,2,0,11,77,29,0,106,17,0,0,0,0,13,5,0,18,0,0,0,0,0,0,0,0,0,6,0,0,0,0,5,1,0,6,87,0,0,0,0,67,20,0,87,4652,25,7,0,32,3391,1289,1,4681,20,0,0,0,0,15,7,0,22,3052,0,0,0,0,2202,865,0,3067,1580,25,7,0,32,1174,417,1,1592,1543,17,0,0,17,1284,261,0,1545,136,64,16,0,80,100,31,0,131,9,0,0,0,0,4,5,0,9,2,0,0,0,0,2,0,0,2,0,0,0,0,0,0,0,0,0,125,64,16,0,80,94,26,0,120,1458,3,0,0,3,1135,352,0,1487,842,0,0,0,0,658,186,0,844,194,1,0,0,1,145,49,0,194,17,0,0,0,0,15,2,0,17,76,0,0,0,0,49,27,0,76,1,0,0,0,0,1,0,0,1,328,2,0,0,2,267,88,0,355,54,0,0,3,3,44,10,0,54,2080,24,16,0,40,702,1423,0,2125,85,0,0,0,0,61,24,0,85,0,0,0,0,0,0,0,0,0,9,1,1,0,2,9,1,0,10,356,5,3,0,8,100,267,0,367,1630,18,12,0,30,532,1131,0,1663,220,78,6,0,84,153,11,0,164,47,0,0,0,0,29,18,0,47,42900,34539,6389,0,40928,10023,1808,1,11832,40859,34511,6367,0,40878,8266,1491,1,9758,224,0,0,0,0,203,21,0,224,1817,28,22,0,50,1554,296,0,1850,0,0,0,0,0,0,0,0,0,6507,140,43,0,183,4615,1847,1,6463,1836,26,5,0,31,1332,434,0,1766,61652,34925,6484,3,41412,22971,7539,3,30513
14,State,MH,0,0,0,0,0,0,0,0,0,1,0,0,0,0,1,0,0,1,171,10,3,0,13,123,64,0,187,66,4,1,0,5,44,37,0,81,0,0,0,0,0,0,0,0,0,0,0,0,0,0,0,0,0,0,1,0,0,0,0,1,0,0,1,104,6,2,0,8,78,27,0,105,4387,79,39,0,118,3438,957,0,4395,1,0,0,0,0,7,0,0,7,1919,32,15,0,47,1526,487,0,2013,2467,47,24,0,71,1905,470,0,2375,1557,164,46,0,210,1143,218,0,1361,50,1,0,0,1,29,21,0,50,8,1,0,0,1,4,3,0,7,0,0,0,0,0,0,0,0,0,0,0,0,0,0,0,0,0,0,42,0,0,0,0,25,18,0,43,3923,468,185,0,653,2761,553,0,3314,1598,176,76,0,252,1175,184,0,1359,699,31,15,0,46,558,118,0,676,25,0,0,0,0,21,4,0,25,207,47,12,0,59,125,20,0,145,3,0,0,0,0,2,1,0,3,1391,214,82,0,296,880,226,0,1106,387,254,34,0,288,84,5,0,89,4087,445,314,0,759,1023,2354,0,3377,384,173,63,0,236,118,42,0,160,0,0,0,0,0,0,0,0,0,20,16,3,0,19,10,4,0,14,165,2,0,0,2,37,131,0,168,3518,254,248,0,502,858,2177,0,3035,38,0,0,0,0,15,23,0,38,2,0,0,0,0,2,0,0,2,50056,34910,7485,1,42396,16058,2341,5,18404,42250,32244,7057,0,39301,11846,1838,1,13685,0,0,0,0,0,0,0,0,0,7806,2666,428,1,3095,4212,503,4,4719,0,0,0,0,0,0,0,0,0,24987,3652,1763,0,5415,14608,4663,3,19274,944,3,1,0,4,768,174,1,943,90590,39986,9870,1,49857,40053,11373,9,51435
15,State,MN,0,0,0,0,0,0,0,0,0,0,0,0,0,0,0,0,0,0,0,0,0,0,0,0,0,0,0,0,0,0,0,0,0,0,0,0,0,0,0,0,0,0,0,0,0,0,0,0,0,0,0,0,0,0,0,0,0,0,0,0,0,0,0,0,0,0,0,0,0,0,0,0,17,0,0,0,0,16,1,0,17,1,0,0,0,0,1,0,0,1,1,0,0,0,0,1,0,0,1,15,0,0,0,0,14,1,0,15,13,0,0,0,0,12,1,0,13,5,27,13,0,40,3,0,0,3,0,0,0,0,0,0,0,0,0,0,0,0,0,0,0,0,0,0,0,0,0,0,0,0,0,0,0,5,27,13,0,40,3,0,0,3,6,0,0,0,0,7,0,0,7,5,0,0,0,0,5,0,0,5,0,0,0,0,0,0,0,0,0,0,0,0,0,0,0,0,0,0,0,0,0,0,0,0,0,0,0,0,0,0,0,0,0,0,0,0,1,0,0,0,0,2,0,0,2,0,0,0,0,0,0,0,0,0,1,0,0,0,0,0,1,0,1,0,0,0,0,0,0,0,0,0,0,0,0,0,0,0,0,0,0,0,0,0,0,0,0,0,0,0,1,0,0,0,0,0,1,0,1,0,0,0,0,0,0,0,0,0,3,0,0,0,0,2,0,0,2,0,0,0,0,0,0,0,0,0,668,978,140,0,1118,118,11,0,129,668,978,140,0,1118,118,11,0,129,0,0,0,0,0,0,0,0,0,0,0,0,0,0,0,0,0,0,0,0,0,0,0,0,0,0,0,50,0,0,0,0,41,9,0,50,18,0,0,0,0,17,1,0,18,781,1005,153,0,1158,216,24,0,240
16,State,ML,0,0,0,0,0,0,0,0,0,0,0,0,0,0,0,0,0,0,7,0,2,0,2,5,5,0,10,4,0,2,0,2,3,4,0,7,0,0,0,0,0,0,0,0,0,0,0,0,0,0,0,0,0,0,0,0,0,0,0,0,0,0,0,3,0,0,0,0,2,1,0,3,36,1,0,0,1,32,3,0,35,0,0,0,0,0,0,0,0,0,6,0,0,0,0,5,1,0,6,30,1,0,0,1,27,2,0,29,6,0,0,0,0,4,3,0,7,1,0,0,0,0,0,0,0,0,0,0,0,0,0,0,0,0,0,0,0,0,0,0,0,0,0,0,0,0,0,0,0,0,0,0,0,1,0,0,0,0,0,0,0,0,49,3,0,0,3,41,6,0,47,20,3,0,0,3,14,3,0,17,24,0,0,0,0,24,0,0,24,0,0,0,0,0,0,0,0,0,2,0,0,0,0,1,1,0,2,0,0,0,0,0,0,0,0,0,3,0,0,0,0,2,2,0,4,1,0,0,0,0,1,0,0,1,14,0,0,0,0,8,7,0,15,3,0,0,0,0,2,1,0,3,0,0,0,0,0,0,0,0,0,0,0,0,0,0,0,0,0,0,4,0,0,0,0,1,3,0,4,7,0,0,0,0,5,3,0,8,0,0,0,0,0,0,0,0,0,6,0,0,0,0,6,0,0,6,421,481,108,0,589,175,30,0,205,421,481,108,0,589,175,30,0,205,0,0,0,0,0,0,0,0,0,0,0,0,0,0,0,0,0,0,0,0,0,0,0,0,0,0,0,14,0,0,0,0,10,4,0,14,29,0,0,0,0,26,3,0,29,584,485,110,0,595,308,61,0,369
17,State,MZ,0,0,0,0,0,0,0,0,0,0,0,0,0,0,0,0,0,0,0,0,0,0,0,0,0,0,0,0,0,0,0,0,0,0,0,0,0,0,0,0,0,0,0,0,0,0,0,0,0,0,0,0,0,0,0,0,0,0,0,0,0,0,0,0,0,0,0,0,0,0,0,0,32,4,3,0,7,27,9,0,36,0,0,0,0,0,0,0,0,0,20,0,0,0,0,18,5,0,23,12,4,3,0,7,9,4,0,13,7,0,0,0,0,7,1,0,8,0,0,0,0,0,0,0,0,0,0,0,0,0,0,0,0,0,0,0,0,0,0,0,0,0,0,0,0,0,0,0,0,0,0,0,0,0,0,0,0,0,0,0,0,0,16,0,0,0,0,14,2,0,16,11,0,0,0,0,11,0,0,11,2,0,0,0,0,2,0,0,2,0,0,0,0,0,0,0,0,0,0,0,0,0,0,0,0,0,0,0,0,0,0,0,0,0,0,0,3,0,0,0,0,1,2,0,3,0,0,0,0,0,0,0,0,0,4,0,0,0,0,3,1,0,4,2,0,0,0,0,1,1,0,2,0,0,0,0,0,0,0,0,0,0,0,0,0,0,0,0,0,0,0,0,0,0,0,0,0,0,0,2,0,0,0,0,2,0,0,2,1,0,0,0,0,1,0,0,1,0,0,0,0,0,0,0,0,0,71,56,22,0,78,59,6,0,65,71,56,22,0,78,59,6,0,65,0,0,0,0,0,0,0,0,0,0,0,0,0,0,0,0,0,0,0,0,0,0,0,0,0,0,0,19,0,0,0,0,19,1,0,20,3,0,0,0,0,3,0,0,3,153,60,25,0,85,133,20,0,153
18,State,NL,0,0,0,0,0,0,0,0,0,0,0,0,0,0,0,0,0,0,0,0,0,0,0,0,0,0,0,0,0,0,0,0,0,0,0,0,0,0,0,0,0,0,0,0,0,0,0,0,0,0,0,0,0,0,0,0,0,0,0,0,0,0,0,0,0,0,0,0,0,0,0,0,4,0,0,0,0,2,2,0,4,0,0,0,0,0,0,0,0,0,0,0,0,0,0,0,0,0,0,4,0,0,0,0,2,2,0,4,2,0,0,0,0,2,0,0,2,2,16,17,0,33,5,3,0,8,0,0,0,0,0,0,0,0,0,0,0,0,0,0,0,0,0,0,0,0,0,0,0,0,0,0,0,2,16,17,0,33,5,3,0,8,1,0,0,0,0,1,0,0,1,1,0,0,0,0,1,0,0,1,0,0,0,0,0,0,0,0,0,0,0,0,0,0,0,0,0,0,0,0,0,0,0,0,0,0,0,0,0,0,0,0,0,0,0,0,0,0,0,0,0,0,0,0,0,0,0,0,0,0,0,0,0,0,0,0,0,0,0,0,0,0,0,0,0,0,0,0,0,0,0,0,0,0,0,0,0,0,0,0,0,0,0,0,0,0,0,0,0,0,0,0,0,0,0,0,0,0,0,0,0,0,0,0,0,0,0,0,4,0,0,0,0,4,0,0,4,0,0,0,0,0,0,0,0,0,51,43,13,0,56,48,8,0,56,42,43,13,0,56,41,6,0,47,9,0,0,0,0,7,2,0,9,0,0,0,0,0,0,0,0,0,0,0,0,0,0,0,0,0,0,7,0,0,0,0,7,1,0,8,1,0,0,0,0,1,0,0,1,72,59,30,0,89,70,14,0,84
19,State,OR,0,0,0,0,0,0,0,0,0,0,0,0,0,0,0,0,0,0,4,0,0,0,0,2,2,0,4,3,0,0,0,0,2,1,0,3,0,0,0,0,0,0,0,0,0,0,0,0,0,0,0,0,0,0,0,0,0,0,0,0,0,0,0,1,0,0,0,0,0,1,0,1,785,0,0,0,0,579,217,0,796,7,0,0,0,0,6,4,0,10,330,0,0,0,0,256,78,0,334,448,0,0,0,0,317,135,0,452,273,0,0,0,0,225,52,0,277,9,3,0,0,3,3,3,0,6,3,0,0,0,0,0,3,0,3,0,0,0,0,0,0,0,0,0,0,0,0,0,0,0,0,0,0,6,3,0,0,3,3,0,0,3,555,0,0,0,0,468,89,0,557,312,0,0,0,0,258,56,0,314,20,0,0,0,0,16,4,0,20,0,0,0,0,0,0,0,0,0,3,0,0,0,0,3,0,0,3,2,0,0,0,0,2,0,0,2,218,0,0,0,0,189,29,0,218,3,0,0,0,0,2,1,0,3,468,1,1,0,2,191,277,0,468,82,0,0,0,0,63,19,0,82,0,0,0,0,0,0,0,0,0,5,0,0,0,0,4,1,0,5,55,1,1,0,2,13,41,0,54,326,0,0,0,0,111,216,0,327,2,0,0,0,0,2,0,0,2,0,0,0,0,0,0,0,0,0,10824,10234,1591,0,11825,4023,564,0,4587,10542,10234,1591,0,11825,3786,517,0,4303,105,0,0,0,0,81,24,0,105,177,0,0,0,0,156,23,0,179,0,0,0,0,0,0,0,0,0,849,0,0,0,0,524,328,0,852,2331,0,0,0,0,1544,791,0,2335,16103,10238,1592,0,11830,7563,2324,0,9887
20,State,PB,0,0,0,0,0,0,0,0,0,0,0,0,0,0,0,0,0,0,26,2,1,0,3,26,7,0,33,24,2,1,0,3,25,6,0,31,1,0,0,0,0,0,1,0,1,0,0,0,0,0,0,0,0,0,0,0,0,0,0,0,0,0,0,1,0,0,0,0,1,0,0,1,569,0,0,0,0,487,85,0,572,0,0,0,0,0,0,0,0,0,188,0,0,0,0,154,34,0,188,381,0,0,0,0,333,51,0,384,320,0,0,0,0,304,17,0,321,30,12,0,0,12,22,1,0,23,20,0,0,0,0,0,0,0,0,5,12,0,0,12,18,0,0,18,0,0,0,0,0,0,0,0,0,5,0,0,0,0,4,1,0,5,258,1,2,0,3,236,22,0,258,140,0,0,0,0,124,16,0,140,65,1,2,0,3,62,3,0,65,5,0,0,0,0,5,0,0,5,13,0,0,0,0,12,1,0,13,4,0,0,0,0,4,0,0,4,31,0,0,0,0,29,2,0,31,30,4,0,0,4,30,0,0,30,200,9,6,0,15,110,100,0,210,44,4,1,0,5,38,8,0,46,0,0,0,0,0,0,0,0,0,3,2,1,0,3,3,0,0,3,88,2,4,0,6,34,61,0,95,65,1,0,0,1,35,31,0,66,32,0,0,0,0,32,0,0,32,3,0,0,0,0,3,0,0,3,7650,3648,797,0,4445,5179,631,0,5810,6702,3620,794,0,4414,4356,537,0,4893,14,0,0,0,0,14,0,0,14,934,28,3,0,31,809,94,0,903,0,0,0,0,0,0,0,0,0,714,0,0,0,0,583,131,0,714,465,0,0,0,0,416,49,0,465,10297,3676,806,0,4482,7428,1043,0,8471
21,State,RJ,0,0,0,0,0,0,0,0,0,0,0,0,0,0,0,0,0,0,124,6,3,0,9,92,38,0,130,68,2,1,0,3,51,21,0,72,0,0,0,0,0,0,0,0,0,0,0,0,0,0,0,0,0,0,0,0,0,0,0,0,0,0,0,56,4,2,0,6,41,17,0,58,1817,4,1,0,5,1404,461,0,1865,0,0,0,0,0,0,0,0,0,1066,2,1,0,3,817,265,0,1082,751,2,0,0,2,587,196,0,783,1057,11,3,0,14,909,157,0,1066,36,1,0,0,1,24,17,0,41,10,0,0,0,0,7,7,0,14,0,0,0,0,0,0,0,0,0,2,0,0,0,0,3,0,0,3,24,1,0,0,1,14,10,0,24,1125,3,1,0,4,909,225,0,1134,641,3,1,0,4,552,91,0,643,146,0,0,0,0,125,21,0,146,16,0,0,0,0,13,6,0,19,162,0,0,0,0,90,72,0,162,6,0,0,0,0,4,2,0,6,154,0,0,0,0,125,33,0,158,122,1,0,0,1,107,15,0,122,1132,4,3,0,7,579,566,0,1145,118,0,0,0,0,96,22,0,118,0,0,0,0,0,0,0,0,0,20,0,0,0,0,20,0,0,20,229,0,0,0,0,65,170,0,235,765,4,3,0,7,398,374,0,772,9,0,0,0,0,9,0,0,9,39,4,1,0,5,34,2,0,36,24860,21649,4604,0,26253,9745,1460,0,11205,24072,21569,4584,0,26153,9161,1349,0,10510,18,1,1,0,2,17,0,0,17,770,79,19,0,98,567,111,0,678,4,0,0,0,0,3,1,0,4,4818,16,9,0,25,3744,1053,0,4797,1577,59,0,0,59,1318,262,0,1580,36720,21758,4625,0,26383,18877,4257,0,23134
22,State,SK,0,0,0,0,0,0,0,0,0,0,0,0,0,0,0,0,0,0,0,0,0,0,0,0,0,0,0,0,0,0,0,0,0,0,0,0,0,0,0,0,0,0,0,0,0,0,0,0,0,0,0,0,0,0,0,0,0,0,0,0,0,0,0,0,0,0,0,0,0,0,0,0,16,0,0,0,0,16,1,0,17,0,0,0,0,0,0,0,0,0,4,0,0,0,0,3,1,0,4,12,0,0,0,0,13,0,0,13,11,0,0,0,0,11,1,0,12,0,0,0,0,0,0,0,0,0,0,0,0,0,0,0,0,0,0,0,0,0,0,0,0,0,0,0,0,0,0,0,0,0,0,0,0,0,0,0,0,0,0,0,0,0,57,0,0,0,0,50,7,0,57,56,0,0,0,0,50,6,0,56,0,0,0,0,0,0,0,0,0,0,0,0,0,0,0,0,0,0,0,0,0,0,0,0,0,0,0,0,0,0,0,0,0,0,0,0,1,0,0,0,0,0,1,0,1,0,0,0,0,0,0,0,0,0,1,0,0,0,0,0,1,0,1,0,0,0,0,0,0,0,0,0,0,0,0,0,0,0,0,0,0,0,0,0,0,0,0,0,0,0,0,0,0,0,0,0,0,0,0,1,0,0,0,0,0,1,0,1,0,0,0,0,0,0,0,0,0,0,0,0,0,0,0,0,0,0,211,259,62,0,321,64,11,0,75,211,259,62,0,321,64,11,0,75,0,0,0,0,0,0,0,0,0,0,0,0,0,0,0,0,0,0,0,0,0,0,0,0,0,0,0,21,0,0,0,0,14,7,0,21,0,0,0,0,0,0,0,0,0,317,259,62,0,321,155,28,0,183
23,State,TN,0,0,0,0,0,0,0,0,0,0,0,0,0,0,0,0,0,0,110,20,5,0,25,79,37,0,116,55,4,5,0,9,32,24,0,56,2,16,0,0,16,6,0,0,6,0,0,0,0,0,0,0,0,0,5,0,0,0,0,5,0,0,5,48,0,0,0,0,36,13,0,49,2094,4,0,0,4,1724,435,0,2159,31,0,0,0,0,25,6,0,31,1045,4,0,0,4,899,180,0,1079,1018,0,0,0,0,800,249,0,1049,637,1,0,0,1,549,102,0,651,45,0,0,0,0,16,32,0,48,18,0,0,0,0,8,13,0,21,2,0,0,0,0,2,0,0,2,0,0,0,0,0,0,0,0,0,25,0,0,0,0,6,19,0,25,1308,3,0,0,3,1124,186,0,1310,725,3,0,0,3,633,94,0,727,40,0,0,0,0,38,2,0,40,1,0,0,0,0,0,1,0,1,27,0,0,0,0,24,3,0,27,0,0,0,0,0,0,0,0,0,515,0,0,0,0,429,86,0,515,45,3,0,0,3,32,10,0,42,1216,3,8,0,11,489,741,0,1230,262,0,0,0,0,214,52,0,266,0,0,0,0,0,0,0,0,0,0,0,0,0,0,0,0,0,0,363,2,5,0,7,61,295,0,356,591,1,3,0,4,214,394,0,608,0,0,0,0,0,0,0,0,0,0,0,0,0,0,0,0,0,0,70801,62222,17554,1,79777,14683,2693,0,17376,69059,62192,17553,1,79746,13223,2419,0,15642,0,0,0,0,0,0,0,0,0,1742,30,1,0,31,1460,274,0,1734,8,0,0,0,0,6,2,0,8,4895,2,0,0,2,3850,1047,0,4897,782,0,0,0,0,565,222,0,787,81941,62258,17567,1,79826,23117,5507,0,28624
24,State,TL,0,0,0,0,0,0,0,0,0,0,0,0,0,0,0,0,0,0,51,8,6,0,14,43,11,0,54,47,8,6,0,14,39,11,0,50,3,0,0,0,0,3,0,0,3,0,0,0,0,0,0,0,0,0,0,0,0,0,0,0,0,0,0,1,0,0,0,0,1,0,0,1,1221,4,1,0,5,1033,266,0,1299,0,0,0,0,0,0,0,0,0,1221,4,1,0,5,1033,266,0,1299,0,0,0,0,0,0,0,0,0,498,0,0,0,0,400,56,0,456,4,2,0,0,2,2,1,0,3,4,2,0,0,2,2,1,0,3,0,0,0,0,0,0,0,0,0,0,0,0,0,0,0,0,0,0,0,0,0,0,0,0,0,0,0,805,1,0,0,1,689,129,0,818,608,1,0,0,1,510,110,0,620,96,0,0,0,0,87,9,0,96,3,0,0,0,0,3,0,0,3,11,0,0,0,0,9,1,0,10,1,0,0,0,0,1,0,0,1,86,0,0,0,0,79,9,0,88,8,0,0,0,0,5,2,0,7,507,1,1,0,2,307,200,0,507,211,1,0,0,1,169,43,0,212,0,0,0,0,0,0,0,0,0,1,0,0,0,0,0,1,0,1,251,0,1,0,1,107,143,0,250,44,0,0,0,0,31,13,0,44,0,0,0,0,0,0,0,0,0,1,0,0,0,0,1,0,0,1,22400,19169,3779,0,22948,7128,1134,1,8263,21252,19169,3779,0,22948,6143,967,0,7110,8,0,0,0,0,6,3,0,9,1140,0,0,0,0,979,164,1,1144,0,0,0,0,0,0,0,0,0,1149,1,0,0,1,844,315,0,1159,657,0,0,0,0,561,97,0,658,27301,19186,3787,0,22973,11013,2211,1,13225
25,State,TR,0,0,0,0,0,0,0,0,0,0,0,0,0,0,0,0,0,0,0,0,0,0,0,0,0,0,0,0,0,0,0,0,0,0,0,0,0,0,0,0,0,0,0,0,0,0,0,0,0,0,0,0,0,0,0,0,0,0,0,0,0,0,0,0,0,0,0,0,0,0,0,0,77,0,0,0,0,56,25,0,81,0,0,0,0,0,0,0,0,0,24,0,0,0,0,17,8,0,25,53,0,0,0,0,39,17,0,56,41,0,0,0,0,34,7,0,41,2,0,0,0,0,2,0,0,2,1,0,0,0,0,1,0,0,1,1,0,0,0,0,1,0,0,1,0,0,0,0,0,0,0,0,0,0,0,0,0,0,0,0,0,0,18,0,0,0,0,16,2,0,18,6,0,0,0,0,5,1,0,6,8,0,0,0,0,8,0,0,8,0,0,0,0,0,0,0,0,0,0,0,0,0,0,0,0,0,0,0,0,0,0,0,0,0,0,0,4,0,0,0,0,3,1,0,4,1,0,0,0,0,1,0,0,1,7,0,0,0,0,3,4,0,7,2,0,0,0,0,2,0,0,2,0,0,0,0,0,0,0,0,0,0,0,0,0,0,0,0,0,0,1,0,0,0,0,0,1,0,1,4,0,0,0,0,1,3,0,4,1,0,0,0,0,1,0,0,1,0,0,0,0,0,0,0,0,0,647,814,215,0,1029,139,19,0,158,647,814,215,0,1029,139,19,0,158,0,0,0,0,0,0,0,0,0,0,0,0,0,0,0,0,0,0,0,0,0,0,0,0,0,0,0,72,0,0,0,0,61,18,0,79,11,0,0,0,0,8,3,0,11,877,814,215,0,1029,321,78,0,399
26,State,UT,0,0,0,0,0,0,0,0,0,0,0,0,0,0,0,0,0,0,353,21,14,0,35,246,114,0,360,206,9,6,0,15,132,80,0,212,15,5,4,0,9,11,5,0,16,2,0,0,0,0,1,1,0,2,5,0,0,0,0,6,1,0,7,125,7,4,0,11,96,27,0,123,1475,69,9,0,78,1181,274,4,1459,55,4,1,0,5,49,11,0,60,809,49,6,0,55,652,144,4,800,611,16,2,0,18,480,119,0,599,761,38,17,0,55,659,97,0,756,78,27,9,0,36,51,29,0,80,23,20,8,0,28,8,14,0,22,7,6,0,0,6,8,0,0,8,1,1,0,0,1,0,0,0,0,47,0,1,0,1,35,15,0,50,767,42,21,7,70,606,129,1,736,323,7,2,2,11,257,53,0,310,96,19,3,0,22,78,16,0,94,31,3,2,0,5,19,5,0,24,30,0,2,0,2,30,0,0,30,26,0,0,0,0,23,4,0,27,261,13,12,5,30,199,51,1,251,46,2,0,0,2,36,6,0,42,1441,63,28,0,91,658,864,0,1522,222,14,6,0,20,194,71,0,265,2,0,0,0,0,1,0,0,1,23,5,1,0,6,12,14,0,26,85,1,6,0,7,19,62,0,81,1109,43,15,0,58,432,717,0,1149,397,89,12,1,102,312,50,0,362,8,0,1,0,1,9,0,0,9,32884,14698,3261,17,17976,19583,3627,9,23219,28095,14209,3158,17,17384,15555,2844,8,18407,358,60,23,0,83,291,49,0,340,4431,429,80,0,509,3737,734,1,4472,35,3,0,0,3,32,17,0,49,3549,559,158,6,723,2477,689,0,3166,891,19,18,5,42,690,186,0,876,42685,15630,3548,36,19214,26540,6082,14,32636
27,State,UP,0,0,0,0,0,0,0,0,0,0,0,0,0,0,0,0,0,0,8,2,0,0,2,7,1,0,8,2,0,0,0,0,2,0,0,2,0,0,0,0,0,0,0,0,0,0,0,0,0,0,0,0,0,0,0,0,0,0,0,0,0,0,0,6,2,0,0,2,5,1,0,6,335,20,8,0,28,269,67,0,336,0,0,0,0,0,0,0,0,0,0,0,0,0,0,0,0,0,0,335,20,8,0,28,269,67,0,336,40,2,0,0,2,39,4,0,43,1,0,0,0,0,0,1,0,1,0,0,0,0,0,0,0,0,0,0,0,0,0,0,0,0,0,0,0,0,0,0,0,0,0,0,0,1,0,0,0,0,0,1,0,1,104,1,1,0,2,97,19,0,116,84,1,1,0,2,79,17,0,96,3,0,0,0,0,3,0,0,3,7,0,0,0,0,6,1,0,7,2,0,0,0,0,2,0,0,2,0,0,0,0,0,0,0,0,0,8,0,0,0,0,7,1,0,8,5,1,0,0,1,4,1,0,5,54,0,0,0,0,30,27,0,57,9,0,0,0,0,8,1,0,9,0,0,0,0,0,0,0,0,0,0,0,0,0,0,0,0,0,0,5,0,0,0,0,3,4,0,7,40,0,0,0,0,19,22,0,41,8,2,0,0,2,6,0,0,6,0,0,0,0,0,0,0,0,0,1649,1391,268,0,1659,941,122,0,1063,1523,1389,268,0,1657,808,105,0,913,6,2,0,0,2,27,1,0,28,120,0,0,0,0,106,16,0,122,0,0,0,0,0,0,0,0,0,373,38,0,0,38,293,91,0,384,108,30,0,0,30,97,18,0,115,2685,1487,277,0,1764,1783,351,0,2134
28,State,WB,0,0,0,0,0,0,0,0,0,0,0,0,0,0,0,0,0,0,32,6,3,0,9,14,9,0,23,6,2,1,0,3,2,1,0,3,1,0,0,0,0,1,0,0,1,0,0,0,0,0,0,0,0,0,0,0,0,0,0,0,0,0,0,25,4,2,0,6,11,8,0,19,1108,39,5,0,44,891,176,0,1067,1,0,0,0,0,4,0,0,4,178,21,5,0,26,108,44,0,152,929,18,0,0,18,779,132,0,911,166,11,0,0,11,137,18,0,155,78,31,5,0,36,31,14,0,45,0,0,0,0,0,0,0,0,0,0,0,0,0,0,0,0,0,0,0,0,0,0,0,0,0,0,0,78,31,5,0,36,31,14,0,45,289,9,4,0,13,222,54,0,276,206,3,1,0,4,170,32,0,202,17,3,2,0,5,10,2,0,12,0,0,0,0,0,0,0,0,0,0,0,0,0,0,0,0,0,0,1,0,0,0,0,1,0,0,1,65,3,1,0,4,41,20,0,61,20,4,2,0,6,10,4,0,14,409,42,14,0,56,158,210,0,368,116,12,5,0,17,89,10,0,99,0,0,0,0,0,0,0,0,0,1,4,0,0,4,11,1,0,12,89,5,6,0,11,15,63,0,78,203,21,3,0,24,43,136,0,179,0,0,0,0,0,0,0,0,0,0,0,0,0,0,0,0,0,0,20581,13801,1805,0,15606,8010,1370,0,9380,17706,13639,1765,0,15404,5892,813,0,6705,149,15,5,0,20,98,32,0,130,2726,147,35,0,182,2020,525,0,2545,0,0,0,0,0,0,0,0,0,1672,79,18,0,97,1212,414,0,1626,693,31,15,0,46,492,155,0,647,25048,14053,1871,0,15924,11177,2424,0,13601
30,Union Territory,AN,0,0,0,0,0,0,0,0,0,0,0,0,0,0,0,0,0,0,0,0,0,0,0,0,0,0,0,0,0,0,0,0,0,0,0,0,0,0,0,0,0,0,0,0,0,0,0,0,0,0,0,0,0,0,0,0,0,0,0,0,0,0,0,0,0,0,0,0,0,0,0,0,29,0,0,0,0,25,4,0,29,0,0,0,0,0,0,0,0,0,14,0,0,0,0,13,1,0,14,15,0,0,0,0,12,3,0,15,1,0,0,0,0,1,0,0,1,0,0,0,0,0,0,0,0,0,0,0,0,0,0,0,0,0,0,0,0,0,0,0,0,0,0,0,0,0,0,0,0,0,0,0,0,0,0,0,0,0,0,0,0,0,27,0,0,0,0,23,5,0,28,6,0,0,0,0,5,1,0,6,5,0,0,0,0,4,2,0,6,0,0,0,0,0,0,0,0,0,0,0,0,0,0,0,0,0,0,0,0,0,0,0,0,0,0,0,16,0,0,0,0,14,2,0,16,0,0,0,0,0,0,0,0,0,10,0,0,0,0,3,7,0,10,2,0,0,0,0,2,0,0,2,0,0,0,0,0,0,0,0,0,0,0,0,0,0,0,0,0,0,0,0,0,0,0,0,0,0,0,8,0,0,0,0,1,7,0,8,0,0,0,0,0,0,0,0,0,0,0,0,0,0,0,0,0,0,258,243,88,0,331,22,1,0,23,258,243,88,0,331,22,1,0,23,0,0,0,0,0,0,0,0,0,0,0,0,0,0,0,0,0,0,0,0,0,0,0,0,0,0,0,0,0,0,0,0,0,0,0,0,5,0,0,0,0,4,1,0,5,330,243,88,0,331,78,18,0,96
31,Union Territory,CH,0,0,0,0,0,0,0,0,0,0,0,0,0,0,0,0,0,0,1,12,0,0,12,6,0,0,6,0,0,0,0,0,0,0,0,0,1,12,0,0,12,6,0,0,6,0,0,0,0,0,0,0,0,0,0,0,0,0,0,0,0,0,0,0,0,0,0,0,0,0,0,0,1,0,0,0,0,0,1,0,1,0,0,0,0,0,0,0,0,0,1,0,0,0,0,0,1,0,1,0,0,0,0,0,0,0,0,0,2,0,0,0,0,2,0,0,2,0,0,0,0,0,0,0,0,0,0,0,0,0,0,0,0,0,0,0,0,0,0,0,0,0,0,0,0,0,0,0,0,0,0,0,0,0,0,0,0,0,0,0,0,0,30,0,0,0,0,24,8,0,32,20,0,0,0,0,14,6,0,20,6,0,0,0,0,5,1,0,6,1,0,0,0,0,3,0,0,3,0,0,0,0,0,0,0,0,0,0,0,0,0,0,0,0,0,0,3,0,0,0,0,2,1,0,3,0,0,0,0,0,0,0,0,0,12,0,0,0,0,9,3,0,12,4,0,0,0,0,4,0,0,4,0,0,0,0,0,0,0,0,0,0,0,0,0,0,0,0,0,0,4,0,0,0,0,2,2,0,4,4,0,0,0,0,3,1,0,4,0,0,0,0,0,0,0,0,0,0,0,0,0,0,0,0,0,0,413,255,76,0,331,97,32,0,129,413,255,76,0,331,97,32,0,129,0,0,0,0,0,0,0,0,0,0,0,0,0,0,0,0,0,0,0,0,0,0,0,0,0,0,0,9,0,0,0,0,7,2,0,9,8,0,0,0,0,4,4,0,8,476,267,76,0,343,149,50,0,199
32,Union Territory,DN,0,0,0,0,0,0,0,0,0,0,0,0,0,0,0,0,0,0,0,0,0,0,0,0,0,0,0,0,0,0,0,0,0,0,0,0,0,0,0,0,0,0,0,0,0,0,0,0,0,0,0,0,0,0,0,0,0,0,0,0,0,0,0,0,0,0,0,0,0,0,0,0,19,0,0,0,0,16,3,0,19,0,0,0,0,0,0,0,0,0,0,0,0,0,0,0,0,0,0,19,0,0,0,0,16,3,0,19,3,0,0,0,0,3,0,0,3,0,0,0,0,0,0,0,0,0,0,0,0,0,0,0,0,0,0,0,0,0,0,0,0,0,0,0,0,0,0,0,0,0,0,0,0,0,0,0,0,0,0,0,0,0,17,0,0,0,0,13,4,0,17,15,0,0,0,0,11,4,0,15,0,0,0,0,0,0,0,0,0,0,0,0,0,0,0,0,0,0,0,0,0,0,0,0,0,0,0,0,0,0,0,0,0,0,0,0,2,0,0,0,0,2,0,0,2,23,9,0,0,9,18,1,0,19,1,0,0,0,0,1,0,0,1,0,0,0,0,0,0,0,0,0,0,0,0,0,0,0,0,0,0,0,0,0,0,0,0,0,0,0,0,0,0,0,0,0,0,0,0,1,0,0,0,0,1,0,0,1,0,0,0,0,0,0,0,0,0,0,0,0,0,0,0,0,0,0,69,68,29,0,97,31,11,0,42,69,68,29,0,97,31,11,0,42,0,0,0,0,0,0,0,0,0,0,0,0,0,0,0,0,0,0,0,0,0,0,0,0,0,0,0,5,0,0,0,0,3,2,0,5,0,0,0,0,0,0,0,0,0,137,77,29,0,106,85,21,0,106
33,Union Territory,CT,0,0,0,0,0,0,0,0,0,0,0,0,0,0,0,0,0,0,0,0,0,0,0,0,0,0,0,0,0,0,0,0,0,0,0,0,0,0,0,0,0,0,0,0,0,0,0,0,0,0,0,0,0,0,0,0,0,0,0,0,0,0,0,0,0,0,0,0,0,0,0,0,25,0,0,0,0,24,1,0,25,0,0,0,0,0,0,0,0,0,2,0,0,0,0,2,0,0,2,23,0,0,0,0,22,1,0,23,0,0,0,0,0,0,0,0,0,0,0,0,0,0,0,0,0,0,0,0,0,0,0,0,0,0,0,0,0,0,0,0,0,0,0,0,0,0,0,0,0,0,0,0,0,0,0,0,0,0,0,0,0,0,6,0,0,0,0,4,2,0,6,6,0,0,0,0,4,2,0,6,0,0,0,0,0,0,0,0,0,0,0,0,0,0,0,0,0,0,0,0,0,0,0,0,0,0,0,0,0,0,0,0,0,0,0,0,0,0,0,0,0,0,0,0,0,0,0,0,0,0,0,0,0,0,13,0,0,0,0,5,8,0,13,0,0,0,0,0,0,0,0,0,0,0,0,0,0,0,0,0,0,0,0,0,0,0,0,0,0,0,7,0,0,0,0,1,6,0,7,6,0,0,0,0,4,2,0,6,0,0,0,0,0,0,0,0,0,0,0,0,0,0,0,0,0,0,70,58,6,0,64,39,3,0,42,70,58,6,0,64,39,3,0,42,0,0,0,0,0,0,0,0,0,0,0,0,0,0,0,0,0,0,0,0,0,0,0,0,0,0,0,32,0,0,0,0,27,6,0,33,2,0,0,0,0,1,1,0,2,148,58,6,0,64,100,21,0,121
34,Union Territory,LD,1,2,0,0,2,10,0,0,10,0,0,0,0,0,0,0,0,0,49,46,17,0,63,19,9,0,28,31,31,16,0,47,11,7,0,18,1,0,0,0,0,4,0,0,4,0,0,0,0,0,0,0,0,0,0,0,0,0,0,0,0,0,0,17,15,1,0,16,4,2,0,6,151,1,0,0,1,136,12,0,148,0,0,0,0,0,0,0,0,0,22,1,0,0,1,21,1,0,22,129,0,0,0,0,115,11,0,126,84,4,0,0,4,70,11,0,81,25,28,21,0,49,23,10,0,33,10,15,11,0,26,12,6,0,18,6,5,3,0,8,4,1,0,5,0,0,0,0,0,0,0,0,0,9,8,7,0,15,7,3,0,10,346,61,7,0,68,236,55,0,291,277,41,3,0,44,198,44,0,242,7,2,0,0,2,3,2,0,5,1,0,0,0,0,1,0,0,1,4,3,0,0,3,2,0,0,2,0,0,0,0,0,0,0,0,0,57,15,4,0,19,32,9,0,41,257,232,4,0,236,33,0,0,33,151,63,11,0,74,76,38,0,114,61,14,0,0,14,44,5,0,49,1,6,0,0,6,0,0,0,0,1,0,0,0,0,1,0,0,1,18,5,1,0,6,5,10,0,15,70,38,10,0,48,26,23,0,49,46,30,2,0,32,14,2,0,16,0,0,0,0,0,0,0,0,0,9039,7291,1021,0,8312,2284,238,0,2522,8085,7241,1017,0,8258,1487,135,0,1622,16,0,0,0,0,15,1,0,16,938,50,4,0,54,782,102,0,884,0,0,0,0,0,0,0,0,0,2011,134,19,0,153,1476,447,0,1923,579,31,1,0,32,441,122,1,564,12739,7923,1103,0,9026,4818,944,1,5763
35,Union Territory,DL,0,0,0,0,0,0,0,0,0,0,0,0,0,0,0,0,0,0,0,0,0,0,0,0,0,0,0,0,0,0,0,0,0,0,0,0,0,0,0,0,0,0,0,0,0,0,0,0,0,0,0,0,0,0,0,0,0,0,0,0,0,0,0,0,0,0,0,0,0,0,0,0,2,0,0,0,0,1,1,0,2,0,0,0,0,0,0,0,0,0,0,0,0,0,0,0,0,0,0,2,0,0,0,0,1,1,0,2,0,0,0,0,0,0,0,0,0,0,0,0,0,0,0,0,0,0,0,0,0,0,0,0,0,0,0,0,0,0,0,0,0,0,0,0,0,0,0,0,0,0,0,0,0,0,0,0,0,0,0,0,0,0,1,0,0,0,0,1,0,0,1,1,0,0,0,0,1,0,0,1,0,0,0,0,0,0,0,0,0,0,0,0,0,0,0,0,0,0,0,0,0,0,0,0,0,0,0,0,0,0,0,0,0,0,0,0,0,0,0,0,0,0,0,0,0,0,0,0,0,0,0,0,0,0,1,0,0,0,0,0,1,0,1,0,0,0,0,0,0,0,0,0,0,0,0,0,0,0,0,0,0,0,0,0,0,0,0,0,0,0,1,0,0,0,0,0,1,0,1,0,0,0,0,0,0,0,0,0,0,0,0,0,0,0,0,0,0,0,0,0,0,0,0,0,0,0,3,2,1,0,3,0,0,0,0,3,2,1,0,3,0,0,0,0,0,0,0,0,0,0,0,0,0,0,0,0,0,0,0,0,0,0,0,0,0,0,0,0,0,0,0,0,0,0,0,0,0,0,0,0,0,0,0,0,0,0,0,0,0,7,2,1,0,3,2,2,0,4
36,Union Territory,PY,0,0,0,0,0,0,0,0,0,0,0,0,0,0,0,0,0,0,5,2,0,0,2,4,1,0,5,5,2,0,0,2,4,1,0,5,0,0,0,0,0,0,0,0,0,0,0,0,0,0,0,0,0,0,0,0,0,0,0,0,0,0,0,0,0,0,0,0,0,0,0,0,72,5,0,0,5,67,5,0,72,0,0,0,0,0,0,0,0,0,72,5,0,0,5,67,5,0,72,0,0,0,0,0,0,0,0,0,10,0,0,0,0,10,0,0,10,3,0,0,0,0,1,3,0,4,1,0,0,0,0,0,1,0,1,0,0,0,0,0,0,0,0,0,0,0,0,0,0,0,0,0,0,2,0,0,0,0,1,2,0,3,49,7,0,0,7,44,3,0,47,44,7,0,0,7,40,3,0,43,3,0,0,0,0,3,0,0,3,1,0,0,0,0,0,0,0,0,0,0,0,0,0,0,0,0,0,1,0,0,0,0,1,0,0,1,0,0,0,0,0,0,0,0,0,5,3,0,0,3,2,0,0,2,25,0,2,0,2,9,16,0,25,5,0,0,0,0,4,1,0,5,0,0,0,0,0,0,0,0,0,0,0,0,0,0,0,0,0,0,8,0,1,0,1,1,7,0,8,12,0,1,0,1,4,8,0,12,0,0,0,0,0,0,0,0,0,0,0,0,0,0,0,0,0,0,1545,1167,385,0,1552,226,24,0,250,1530,1167,385,0,1552,213,22,0,235,0,0,0,0,0,0,0,0,0,15,0,0,0,0,13,2,0,15,0,0,0,0,0,0,0,0,0,379,29,4,0,33,309,62,0,371,3,0,0,0,0,2,1,0,3,2096,1213,391,0,1604,674,115,0,789
